phi_1,phi_2_mode,phi_2_err_m,phi_2_err_p,width_mode,width_err_m,width_err_p,peak_int_mode,peak_int_err_m,peak_int_err_p,linear_density_mode,linear_density_err_m,linear_density_err_p
-15.9,-2.0917897592979666,-2.2139309814214996,-1.9767975893861924,0.11463386307876239,0.09673818121830147,0.1409789309863296,125.83612415208803,43.18812388391805,276.37638366648497,36.158315964649006,10.472543924291244,97.66637690034322
-15.7,-2.0252772415124496,-2.1396930096573006,-1.915606979102498,0.11504218670656904,0.09739313153798292,0.14091999867781216,115.92322122958318,41.37072496221635,229.41361317942216,33.42854722467948,10.099767951425136,81.03670043041188
-15.5,-1.9574657113081595,-2.0566189644035995,-1.84557072766632,0.11558161263539472,0.09829756868345142,0.14131765220611803,106.40287846429591,42.261077588206426,203.8926674638456,30.827056659866294,10.412937863300167,72.22506734317533
-15.3,-1.8908878964847358,-1.9825317162655112,-1.7841996179709163,0.11596443002416676,0.09913544301566352,0.14156972842316676,96.17653560544946,41.43949982401795,175.23679652232616,27.956568358616305,10.297537702115106,62.18499996653238
-15.1,-1.8226157146647113,-1.916471285008016,-1.7308589609507579,0.1163487958049476,0.10005521131234177,0.14194503896941874,90.45553555927265,41.03044908472849,155.23816637765478,26.38074015524977,10.290486757337053,55.2342748776702
-14.9,-1.75434075441032,-1.8422456570563217,-1.6689659599597952,0.11693084726704775,0.099531287626208,0.140201488955085,87.87138064316991,41.33041766812836,142.47337073969055,25.75529216605495,10.311440754031993,50.06984643005194
-14.7,-1.685409285481282,-1.7684228082214233,-1.606683133262178,0.11733236074310172,0.10112193051385071,0.1414499444840639,84.80525512806088,41.02997542709447,131.08358876458382,24.94195595809975,10.400076722749763,46.4773158033406
-14.5,-1.6172335097535568,-1.698364053500872,-1.5477479298028185,0.11780059313291046,0.10185663386270384,0.14151944966109511,80.28611430104966,40.85554260588007,120.81500096803417,23.707068289386378,10.431103066543454,42.857509188037085
-14.3,-1.5506761993547604,-1.6340430653959699,-1.495178211778758,0.11850093357515029,0.10270730352549592,0.14170996463660565,76.05942048181777,41.102617970782696,116.1769637964807,22.592522219532448,10.581829169296848,41.26770773611984
-14.1,-1.4862214875956052,-1.5608629964575726,-1.432504867082243,0.11901184571561674,0.1033425653622003,0.141618505246965,74.18961904154287,40.058744537374444,109.84844067318706,22.13213271400544,10.37687311937879,38.994543160962984
-13.9,-1.4232326067002903,-1.4877795393701387,-1.3691800492017205,0.11956029115765272,0.10409889815377922,0.14175452789845888,73.22740150754362,40.812426178360546,109.7627659073147,21.9457547496608,10.649481904687407,39.00155442627929
-13.7,-1.3611093353046804,-1.4213415117023291,-1.3111867546432852,0.12007049400735569,0.1046821224059999,0.14157807425683647,72.6468625488761,40.07573121198426,107.24915837044419,21.86467843305759,10.515838521857061,38.06096784846932
-13.5,-1.2980262000811835,-1.354036083785716,-1.2520587201765725,0.12078023623284917,0.10526404784632784,0.14140727704723688,68.7385731020427,40.63804526654234,108.043808805881,20.81068241054721,10.722666790328969,38.29671999086773
-13.3,-1.2351181758934637,-1.2864765949371602,-1.191427324657708,0.12130911889667786,0.10609251183218768,0.14158736083990495,69.67665301605163,41.25719946081494,108.5901079494196,21.18705837982777,10.971712292703172,38.5393766296411
-13.1,-1.180968129049178,-1.2259258953232328,-1.1360500126421227,0.12202065709967858,0.10706739790916242,0.14203161702150485,73.03478642189405,42.27478101500478,110.10554134719487,22.33845111971288,11.345628234494761,39.19982626267178
-12.9,-1.1205093101673178,-1.1662061449019743,-1.0804490790559012,0.12252676994450515,0.10790680208167211,0.1422304615678104,83.03198601962164,45.303090462258744,116.26253445326513,25.50153630952427,12.253681438026605,41.44979048521019
-12.7,-1.0687567449290931,-1.1070678141715575,-1.0252341212344338,0.12319104866474515,0.10886446637406277,0.14269377651825796,88.10469468484288,49.113634308113824,123.26158209819516,27.20621569514148,13.402263568713666,44.08823409619132
-12.5,-1.0106131252517145,-1.0496261641323867,-0.9707161139283319,0.12387102585499515,0.10965277079992886,0.14287501283156026,93.72201063576695,53.98144477075002,130.7801984062338,29.100554573867935,14.837271659799768,46.83690709995137
-12.3,-0.9564360770149976,-0.9959055294913126,-0.9196162565791761,0.12449025846639583,0.11012829480152923,0.1426468101099396,102.32891816612818,60.26467260000356,138.83638629002758,31.931820959837818,16.636104911047674,49.642689191869025
-12.1,-0.9039757049660202,-0.9407736563964153,-0.8670205537992179,0.12499596581060742,0.11087924103024557,0.14280179409552318,111.46675392839197,69.77953554396053,151.59189003695303,34.92458745920037,19.39403848790353,54.26247086627526
-11.9,-0.8542113506055127,-0.8903767795509514,-0.8190430078282599,0.12545735104914457,0.11193887960358301,0.143408295659594,123.12235274298098,80.73763178286822,165.8685087946343,38.718894910135226,22.654104334408487,59.624966613971004
-11.7,-0.8062967900773258,-0.8406554365616435,-0.7716554259701894,0.12586713697794746,0.11267865526984454,0.14358268709942873,137.27367756421373,93.90666150698388,182.10137203209152,43.310136895130235,26.523326454243165,65.53981767625791
-11.5,-0.7612436254179866,-0.7899967318213352,-0.7234262959122566,0.12624277787850344,0.1135979452461417,0.1439343241974837,155.8259065874896,109.05445292528714,199.76770063746935,49.310129007249316,31.05301789469145,72.07415809326216
-11.299999999999999,-0.7173861710840802,-0.7443130844625546,-0.6805030935447146,0.12665952788781212,0.11427184412830138,0.14403819816298905,177.0813766123633,128.60516708483277,223.0265260639111,56.22127475903716,36.837282807990356,80.52377633293666
-11.1,-0.6745906823134189,-0.7036332992265196,-0.6431604338992767,0.1271308477246013,0.11511620228931792,0.14434838800233998,199.06628797167124,148.30913620120873,244.84875282436676,63.436409692556815,42.79512441527376,88.59307351182876
-10.9,-0.6337568363700604,-0.6603515908382821,-0.6035389250624918,0.1275349374927052,0.11598336295907843,0.14476827897844616,221.76170603763043,173.64302175391194,273.8705646120241,70.8933765790027,50.4827455167943,99.3822220644119
-10.7,-0.5945976192015797,-0.6189046845161902,-0.5654652770598273,0.12808944233370967,0.1166994924322805,0.14499147747355334,243.6298980695729,202.13424379986625,306.85636196820144,78.2228891561679,59.128763265931646,111.52379549532756
-10.5,-0.5571892846405845,-0.5815234678406588,-0.5314339950322639,0.12854921616342596,0.11706986817676408,0.14471566311536138,273.09888500886024,226.89122940790992,332.4844404476726,87.99931550917287,66.58137686113392,120.6081898025668
-10.299999999999999,-0.5219988165699818,-0.5464505629341363,-0.4990977279422284,0.12917774670811302,0.11779292024735137,0.14497114710911177,294.6871931743928,249.72814991954766,356.72966693949945,95.41988770832168,73.7354988230178,129.63155715667008
-10.1,-0.48920818729407956,-0.5110161894992931,-0.46659157230735154,0.12975286944610162,0.11894752231804864,0.14575257177291492,327.3066248132072,273.5591432267345,385.4597881597263,106.4539304169469,81.56363437218525,140.82677670261126
-9.9,-0.4620579375777904,-0.48074343893110244,-0.4387293537071598,0.13027434246771027,0.11939691737811149,0.14566109536688754,349.8756788380362,294.1744829085766,410.123588854855,114.25167560631724,88.04162445565107,149.7435948084651
-9.7,-0.4261950962416028,-0.44936800361186124,-0.40904930171246623,0.13081567556550097,0.12001273253348176,0.14578355578046254,364.15111167574634,303.5146562643324,420.506642679476,119.40743316014762,91.30549719019496,153.66371680994246
-9.5,-0.4021189167838004,-0.4201703833212356,-0.3808318890105351,0.1314334438413486,0.12080164593831705,0.14618040410298763,373.9380729547733,312.43773428864404,432.4176826106267,123.19568801378621,94.60765230831926,158.44645877517237
-9.299999999999999,-0.3737813530402603,-0.3927889415208254,-0.35397036199197857,0.13191315759802588,0.12112948768898807,0.14600504138757114,378.4405601721775,310.28333897120393,429.05420996293196,125.13411515381303,94.21027485527851,157.0254163587634
-9.1,-0.3485252071106833,-0.36903345568285084,-0.3300682956473373,0.1325507728268864,0.1223644067733453,0.14697450815609506,366.50020712819435,303.73427060350565,418.8640198005258,121.77171506407633,93.16200780156575,154.31388528816876
-8.9,-0.3237699411649376,-0.34548923415669586,-0.30583578339835576,0.13306983911250492,0.12318640514309734,0.14748327425558228,344.55659182854447,287.9990641536943,395.7452647171481,114.929132589409,88.9290785673828,146.30138312965224
-8.7,-0.3009463297199514,-0.3244359692255101,-0.28315755495252015,0.13371698251180478,0.12380717169338094,0.14778299269365316,321.5991467855572,271.4047980555945,370.9451055842755,107.79320618327034,84.22737343724197,137.41180246211505
-8.5,-0.27988390483584685,-0.30240945755138254,-0.2591595661232677,0.13439317618625593,0.12465497202328218,0.14838046571216226,294.03369169516196,250.44481174428685,341.61012326476776,99.05222803890416,78.2549068751153,127.05664872374693
-8.299999999999999,-0.2582501147337677,-0.2847786578465664,-0.2387485562781893,0.1350810484323274,0.12479454834122956,0.148193033904656,264.29443539439205,227.422179823303,311.36644794790976,89.48956072537726,71.14073791644438,115.66169053600062
-8.1,-0.2377248163491381,-0.26569539271375864,-0.2165139208531252,0.1358605103732155,0.12632960268254764,0.14955925586615126,240.94735382107143,205.45366382634785,284.06772193773634,82.05505425563547,65.05923537294501,106.49399473490364
-7.8999999999999995,-0.21908405305213485,-0.24915164907440868,-0.19695318508994683,0.13669374161362136,0.12692779090740758,0.14996530856312365,218.83905875587155,184.238175025327,258.44313570462793,74.98310212305033,58.61736322669571,97.1506568643622
-7.699999999999999,-0.20223102321392217,-0.2337659442908639,-0.1785708440180463,0.13758973027969762,0.12747163950458013,0.15025585054067161,196.89272515037987,163.15921455293798,233.77087702455202,67.90560509208468,52.133287448035205,88.04642597324629
-7.5,-0.19070010015245034,-0.21885965535998325,-0.16070248947369314,0.1385071110821352,0.12765020602651628,0.15015604692293746,177.28789597854578,144.29266461532393,212.78967478394793,61.551847242437034,46.16955702896957,80.09092533241643
-7.3,-0.17472489337269204,-0.20516450724607893,-0.14359519586708613,0.13911925799569916,0.12821372127537592,0.15054288546546676,157.59264104043947,127.93555313312659,195.15291337530314,54.95574764616944,41.1164575840802,73.64193801907417
-7.1,-0.1586115765735202,-0.19142689516696393,-0.1269186137476155,0.13974729036822434,0.1295021879057827,0.1518291586761947,142.0139515854551,113.92312808121913,180.75863280840093,49.74670749006996,36.98102473556624,68.79298708360258
-6.8999999999999995,-0.14145846317872351,-0.17929305115718402,-0.11238492057140201,0.1404772040413788,0.12973795978196273,0.1518943171775877,129.12245263687672,99.70306608159972,164.331547821383,45.467131503689735,32.423919481326806,62.56801916795637
-6.699999999999999,-0.1276862564711348,-0.16501131303263797,-0.09617105588347816,0.14111475969227663,0.13023947918378315,0.15230760948646388,117.94738185825696,91.31479164053702,155.46577290237857,41.72061289295559,29.8108059468457,59.35349896706941
-6.499999999999999,-0.11393067254559341,-0.15345820877287122,-0.08333250714907749,0.14177663004977734,0.13065698446076646,0.15265990140361504,110.10776791426959,83.69569175584415,146.3561593096672,39.13024275461599,27.411049754297125,56.00488578834856
-6.299999999999999,-0.10038221809728767,-0.13531240092941083,-0.06462161450302152,0.14254319629212966,0.1320380713157938,0.15411427444419667,105.0672360837,76.00368980181732,135.6861550398576,37.540818290506245,25.154968794527864,52.41653833995415
-6.1,-0.08703925418546637,-0.12447620413622891,-0.053878706053722455,0.14330991724191566,0.13235349674096628,0.15435445790199823,101.77635010264314,77.05142864349455,138.86880344143876,36.56057787536936,25.56266034172127,53.72962437857827
-5.8999999999999995,-0.07397440978953411,-0.10917821242548792,-0.03932276585188915,0.14411706032633867,0.132985963963682,0.15500554157653768,100.53771020230708,71.64304856921234,129.40676084123868,36.31903650753235,23.881950706469606,50.27986762315016
-5.699999999999999,-0.06148643412902348,-0.09533184239342521,-0.026769523591804026,0.1449750356088473,0.1340278390301837,0.15611481244967554,101.87978861297256,75.99715156468424,136.09054011970994,37.02296474348446,25.53184883390814,53.25519552749632
-5.499999999999999,-0.049628449393521124,-0.085255893279189,-0.018141962414474903,0.14573794617906424,0.1342269896293275,0.1564091999506598,108.64379067084525,77.90908452200365,137.21008841123816,39.68875623196619,26.213069894829395,53.79454925651442
-5.299999999999999,-0.03855061945761788,-0.07425307955237326,-0.009106930661953564,0.14646037115371915,0.13465554274403224,0.15697111344526948,112.94450559146509,80.9085528053681,139.15603352003225,41.46437973948042,27.30917635422908,54.75347837859368
-5.1,-0.02777027216446222,-0.05848376828526066,0.004504086724372407,0.14719390569348376,0.135149545698197,0.15762098391155435,118.25853180036131,84.73340425642859,142.105816408323,43.632715890019554,28.705107614050902,56.14561229082034
-4.8999999999999995,-0.016864961037806478,-0.04756604265384963,0.013152245210599992,0.14802953412950873,0.13562355419698188,0.1582331562967287,123.29145893497957,91.86558652640142,149.5736763711579,45.74791423442954,31.230425966794034,59.325662066448515
-4.699999999999999,-0.006856998783468488,-0.0353535247886124,0.02312258669640372,0.1487520580164151,0.1366532848964932,0.15950791520617838,130.86713323538552,102.25828231203185,160.99930444087377,48.79591948961567,35.02744851147629,64.37187699224964
-4.499999999999999,0.0021712438954883673,-0.024625604394302038,0.03181830438705566,0.14951206146663767,0.13733577901986876,0.16030535049187347,145.5470631207368,112.61405482390849,171.80103678967734,54.54684177796174,38.76735986034169,69.03411037236746
-4.299999999999999,0.01028493335043558,-0.016155087383290634,0.038208825054031406,0.15017231013781487,0.13812519246765345,0.16128387942243158,157.77839649590476,124.78652264273533,184.90475876853847,59.39191571218842,43.2046521618447,74.75306149012442
-4.1,0.01763426889848635,-0.007263744844170944,0.045009269247784686,0.15096348028942144,0.13886279514827163,0.16224077286117478,173.72878660521656,139.27522613283705,200.9511748162029,65.74059341614854,48.47855979630055,81.72228292457694
-3.8999999999999995,0.025806728421008347,0.0010565690094693214,0.05158588888195484,0.15155785627614843,0.13949205513050736,0.163112935644508,188.69991694881466,154.16332952066665,217.80742303534709,71.6869489578094,53.9039372787477,89.05350453381804
-3.6999999999999993,0.0332819333222367,0.008583873850181181,0.057645680095558115,0.1521930622365559,0.13964797260853326,0.1633774839452139,201.76418225107614,168.7227321067568,234.85178596259067,76.97130701601003,59.06064267736274,96.17805826947935
-3.499999999999999,0.040354815726787875,0.016653120993744358,0.06471906671064971,0.1527277424820983,0.14030210021666278,0.16419722855203794,222.98078265445756,185.9521096970485,256.45550626278185,85.3641071020068,65.39660700781786,105.5523203328723
-3.299999999999999,0.047325930357236465,0.023634020742754377,0.07123876018859115,0.15346859757624623,0.14114586073005872,0.16530953146040814,241.95375918287988,202.1854742428011,276.75846351138586,93.07688335950073,71.53326230651584,114.68027877299252
-3.0999999999999996,0.05417962599268237,0.028450869069337335,0.07584798776961502,0.15142564496612543,0.14220948807506475,0.16662729560622203,258.3013040370168,218.76685801430028,298.4215736129758,98.04285853091058,77.98301763026744,124.64254155174446
-2.8999999999999995,0.057713456170988484,0.034462475632323686,0.08167005905645087,0.15209988638926014,0.14267039962570008,0.16730369913909776,273.04068035950957,233.59308391946988,317.90757308624734,104.09890979852773,83.5379458879505,133.32032119569558
-2.6999999999999993,0.06188392380667923,0.03758368225998249,0.0844539385072725,0.15281064989918455,0.14287795025861477,0.1677133390550552,286.0208070226263,246.04682028067234,333.48662807105484,109.55726568223581,88.11967814987699,140.19611024363874
-2.499999999999999,0.06532927208217074,0.0424552991696224,0.08878156494051889,0.15354280390741867,0.1434221105376872,0.1685048936059125,297.8653400433033,256.7551777348739,346.1927478063085,114.64084340989106,92.30500573957808,146.22459188216695
-2.299999999999999,0.06836608675975765,0.0463575411567464,0.09270836877034518,0.1543205022115463,0.1438468561138795,0.16915353218756368,308.4627516360375,267.3377455170037,357.54035183051303,119.32083683416433,96.39413043535426,151.59890636524855
-2.0999999999999996,0.07105946390776735,0.04788793041264354,0.09432235819068036,0.15503788215238745,0.1445454997032755,0.1701614163473272,311.18045141280766,271.456324474658,359.30463380811176,120.93167489221668,98.35455402049939,153.25471476080347
-1.8999999999999995,0.0734510923489425,0.04947764492554346,0.09574329889410461,0.15580364457006626,0.14466157113554132,0.17042444385809138,308.0230732911617,274.2838957789484,359.03884601378286,120.2958918822666,99.45884718118548,153.37806660597337
-1.6999999999999993,0.07191180782909969,0.05113258837066849,0.09714733885763184,0.15664855159124863,0.14505417066721032,0.17105727165993084,323.00636843590274,275.72676884630295,357.3624030332843,126.83158004541164,100.25339441461327,153.2287768426028
-1.4999999999999991,0.07467691060358718,0.05018789227580769,0.09599796068674091,0.15748009831773263,0.14564205227517985,0.17189880467844484,314.68798142547405,274.56890699647386,353.0230423597665,124.221213666363,100.23700437487103,152.11282931588198
-1.299999999999999,0.07582856981377306,0.05192650888944198,0.09730939954202883,0.15832860038319502,0.1460151355144169,0.17254435502932647,312.610452321822,271.0375367020856,347.09053504225665,124.06600606851556,99.20127445811492,150.11823877225456
-1.0999999999999996,0.0767527361599933,0.049995110770181234,0.09512797900798103,0.1590920628729343,0.14647559722352488,0.17324534188661492,307.4318840761889,267.1509604543412,342.17341827488906,122.59912030727452,98.08711285756057,148.59280087809904
-0.8999999999999995,0.07767850304181047,0.0490335235877592,0.0941532151654988,0.15988769556512294,0.14704376587238693,0.1740987601084896,301.5960985327645,260.73859521530676,336.11555439926536,120.87338834408061,96.1040903214252,146.68112192873386
-0.6999999999999993,0.06887890237182373,0.04724082776797109,0.09213287143778637,0.1605735948838386,0.1478471296048589,0.17518840048077963,295.18530913315675,252.26170460632326,328.0556931007583,118.81158897651387,93.48763158857145,144.05981758841165
-0.4999999999999991,0.06715728788168568,0.045089499036057204,0.09001995856263018,0.16133398326652018,0.14844140874020342,0.1760394721414395,287.05588706284476,245.21997868563315,322.64095691518094,116.0866419907966,91.24327221148384,142.37032908471187
-0.29999999999999893,0.06349926785733193,0.04016291942895548,0.08577203246937892,0.16208467853652947,0.14915874955455022,0.17707719000612462,277.16819095188714,236.37595782834057,315.10464600768074,112.60956619033429,88.37755240922756,139.86445662457376
-0.09999999999999964,0.06113480599075764,0.03778654152926668,0.08401855197535434,0.1628044832530602,0.1499222051803822,0.17807866282599946,267.6270676947383,229.31075295298174,309.4695435630897,109.21601595281089,86.17480633963258,138.1400899589621
0.09999999999999964,0.05952197571661897,0.03490679325314414,0.08194681246410973,0.1633414511205467,0.15049177816082643,0.17887745809227423,261.91236422864927,221.58009653865258,302.06585662833623,107.2364292811294,83.58598316426944,135.44007558128976
0.3000000000000007,0.055905325710613685,0.030651640396181665,0.0791568048895791,0.1640753037595652,0.1514203317297013,0.1800746750905635,257.00679904471554,216.76644192354414,297.4639448038151,105.70067574463032,82.27467520088956,134.26935635351612
0.5000000000000018,0.052995051845096036,0.02663532483374839,0.07686079440604732,0.16467941075903098,0.1520582962690806,0.18089396083536088,251.41957886623885,212.01341615262152,291.60272489404093,103.7835048702129,80.80968207710536,132.22256573905554
0.7000000000000011,0.05052220835895807,0.02339304456149923,0.07549378627576636,0.1652924212300292,0.15259593207956268,0.18164832059694658,248.0169367218203,211.104104038375,289.682632351769,102.76002818140354,80.74758957396564,131.8996914036103
0.9000000000000004,0.04668908488564352,0.01885800832102029,0.07284230116350854,0.16588055973622626,0.1536161118962002,0.18296578572441594,245.26681690815573,208.30501241224772,284.2502478300728,101.98216351625709,80.20961343846646,130.36489861204106
1.0999999999999996,0.04399589975171946,0.01510967548442163,0.07094753315292233,0.16651436735164954,0.15429647749785266,0.1838362588882672,243.50874241831667,209.16838465793748,282.71568994238413,101.63802178997162,80.89878296218747,130.27798085408588
1.3000000000000007,0.04234794824185146,0.010894050847427485,0.06856213075858261,0.1671954587387373,0.15481242477003418,0.18448379811976254,241.43842650018266,209.50996804534822,280.5223996165685,101.18608745916214,81.3018518216608,129.7226197405286
1.5000000000000018,0.03938443513048183,0.007906273569495186,0.06713769540299179,0.1677658005130816,0.15553378618541688,0.18537782078460752,242.3513121564558,209.84645123900313,278.3638131103746,101.91514884913039,81.81186773669029,129.34822803882906
1.700000000000001,0.036173900678227885,0.004273070971362945,0.064755113935858,0.1685295058102415,0.15634772994433083,0.1864679688884917,243.7366188772364,212.84109551925178,280.7029456063244,102.96429820851927,83.41362587543877,131.20220818800962
1.9000000000000004,0.03270141648938542,0.0011175914931579323,0.06246622622500828,0.1692368734341095,0.15690494758900053,0.18719693596906614,243.59401653467822,213.30922308576973,280.2546542436652,103.33597558048567,83.89502470092896,131.50476934330914
2.0999999999999996,0.027426453975859764,-0.0013474755110890538,0.06057463142249644,0.17004208008122787,0.15782156124902838,0.18841910582979696,244.03105484563062,213.83232208100648,281.0268832242214,104.01391431515516,84.59206400076599,132.7280577981386
2.3000000000000007,0.025606240485622114,-0.0026455900443064853,0.059293041690811885,0.17081232057231685,0.1577362236437949,0.1884370310040628,245.18045944611157,214.03824420654848,283.21241447660515,104.97719919492076,84.62774194431579,133.7730021339495
2.5000000000000018,0.02539134524230703,-0.005051934310100406,0.05673479858267398,0.17169981582340957,0.1584968497482435,0.1893721547594555,249.95869815131,212.25508720146394,283.7031430477473,107.57912746889944,84.32739350318792,134.66979598382272
2.700000000000001,0.03185541024037115,-0.003760514377544635,0.05748821627562694,0.17242688289044525,0.1594879508155892,0.19058249449937437,255.5809364733017,211.78672606122487,285.8468982032578,110.46466210091391,84.66746346228082,136.5546285283879
2.9000000000000004,0.031342682386848175,-0.004373161288584143,0.055931805482731835,0.1732401197378418,0.16002643062758504,0.19130081424826156,257.1869105750841,210.77550803267107,287.79920715072745,111.68305133815335,84.54769993354432,138.00548443383425
3.1000000000000014,0.028951268871131905,-0.0024860806980815525,0.056134023609766194,0.17400794193300098,0.16108415670255494,0.19263210849973658,249.37761217631228,207.54345375215664,285.9450513370192,108.77183790923742,83.80150179409713,138.07059532193324
3.3000000000000025,0.026994500463006985,-0.0007285592984860034,0.056501407851166294,0.17489260959434394,0.16087582705773235,0.19242479964830728,249.41446653357198,207.17911197701272,287.8397743919335,109.34099759680653,83.54619860008391,138.83590092894764
3.5000000000000018,0.03146025960280269,0.003192906537373058,0.059500021176507795,0.17582712697067682,0.1613402421754234,0.19306783292417298,244.456049318494,205.51230779401345,287.2006901620477,107.7399085878352,83.11329016355921,138.99056978397485
3.700000000000001,0.033822057084126486,0.005955651902234654,0.06186840418813804,0.1768622448314254,0.1626509111248837,0.19475798732516766,240.8118363993805,201.8599241663891,282.63802765596245,106.75860659520971,82.29937561951431,137.9798936137846
3.9000000000000004,0.03219235414856121,0.007000605632940108,0.06329798003342453,0.17809811635308753,0.16337382328241243,0.1957033979714427,237.23584103326328,197.7536597250134,276.0567937361167,105.90819397971478,80.98357342534665,135.42122562917422
4.100000000000001,0.03724896548798999,0.010297392938070415,0.06810360979590888,0.179104614639034,0.16426614480016982,0.1969694560220475,232.7203641208649,194.86813881653663,270.86844427370465,104.47950288092224,80.2377674172984,133.73566238314982
4.3000000000000025,0.04475704861958402,0.01251203136574476,0.07251633102411745,0.1801285308119895,0.16493649976653021,0.19798254271598073,226.68473946409748,188.68818582062767,261.41855093608854,102.35162098155956,78.01020459710391,129.73382860140703
4.500000000000002,0.046688691910357225,0.01448757884978831,0.07812979930913982,0.18088138908497733,0.1652264901935655,0.19851286913685412,219.2488208759138,183.4379275121182,254.3658084646953,99.407942510814,75.9729074108439,126.57191009644818
4.700000000000001,0.05025636203927676,0.01613078192217611,0.08373550943782952,0.18172448459637777,0.16687434256654685,0.20069042980687296,208.722735616541,176.11893682513323,245.40265518389867,95.07648954955368,73.66913270421001,123.45135315075416
4.9,0.049807813204537976,0.017150137819723694,0.08937401149041652,0.1824772376973216,0.16781144655885558,0.20199780314305502,198.72967646211092,168.23512644774888,237.7678383880042,90.89947140423023,70.76657781872782,120.38979915621225
5.100000000000001,0.051401515435502226,0.01557095785755769,0.09254203748037118,0.1832012860058742,0.16761312363023168,0.20202096400073044,195.09247373545654,158.63121216486564,228.52823359734737,89.58988263274219,66.64791946706798,115.72474596140707
5.3000000000000025,0.05280452412277882,0.015729226439918687,0.09758772335379792,0.18390899439580236,0.16924498991618825,0.20422224525596203,188.75017621232263,150.53935687560002,220.8822542291166,87.01222408492075,63.86395523373283,113.07167004328981
5.500000000000002,0.05520377612981941,0.01622124705755252,0.10322319624806808,0.18478745228944354,0.1695794851002879,0.20488137901056697,180.16681807440085,142.79828781863534,214.83022626738224,83.45209052688978,60.699658349373415,110.32852413267383
5.700000000000001,0.05635363020609532,0.01699099591966655,0.10913226106094052,0.18556815928473747,0.16974473480231342,0.20543915981614996,174.58393829553933,135.46302558166295,208.9595864928075,81.20778784736467,57.63774982621721,107.60574647895436
5.9,0.056110844194887585,0.01748710757105114,0.11426432277408274,0.18654421677592498,0.17062028474316274,0.20686637828602028,168.36249448988121,125.71294257955617,198.47451955325292,78.72579872319567,53.76511618984496,102.9164043498356
6.100000000000001,0.05724324309771164,0.01558625337466762,0.11647591213022294,0.18763009699816777,0.17130382577973033,0.20798775031142505,161.13702879377007,117.21659606385587,188.58247683646516,75.78579114790425,50.33222182018609,98.31709255259963
6.3000000000000025,0.053419068177830306,0.009774592748810505,0.11449608984884473,0.18854667862101207,0.17203937835498576,0.20932014835031623,140.3185365349945,110.6900519382643,181.18385670679234,66.31684660250248,47.73384186398632,95.0649595886052
6.500000000000002,0.04998362418163789,0.0066806509517234065,0.11445392875328339,0.18953726310855032,0.17244536327226956,0.21020171155609088,147.49847125975745,105.87081189123936,175.6785763803039,70.07644445993193,45.76333849133259,92.56461210809455
6.700000000000001,0.047699804662114334,0.009923594432237372,0.1204560589360206,0.1905998195163482,0.17314039875662415,0.21162052211432203,139.2551606706851,100.7922445653411,168.34192056808618,66.53094894791533,43.74369494769567,89.29764247725042
6.9,0.04509094071713765,0.004159297737243389,0.11628204685000912,0.19166091135563904,0.17361951135600123,0.21267370635133906,130.6146634260835,95.29984568413819,160.44903142226792,62.750243978811206,41.47445245295433,85.53440402135335
7.100000000000001,0.043147853947024375,-0.0014317005515534916,0.11177242080222573,0.19263240832188347,0.17474884332243176,0.21461724243022065,124.02977010612464,88.87789827845451,150.7586181415648,59.88874705160615,38.931220590257844,81.10295771502557
7.3000000000000025,0.040584347232195075,-0.008407443281093713,0.10593522812191,0.1936837273225474,0.1750585103402195,0.21553655440550343,117.89145628010243,86.13930846710188,147.2684149910875,57.2354894267842,37.79849808552244,79.56470973194145
7.500000000000002,0.03716520368656874,-0.015055779490043287,0.10062644736243036,0.19494053290668287,0.17523954840818406,0.216356992393185,109.55085541581111,82.51832881300956,142.68718932809475,53.53130812219744,36.247034688925666,77.38305176628423
7.700000000000001,0.03206503695324306,-0.02499028306456061,0.09235466488951993,0.19604280081786718,0.17548821245461152,0.21729969190171927,105.60478676690158,78.43927769653385,139.53757986276028,51.89487099919498,34.50416089100534,76.0046618332321
7.9,0.0249495055237223,-0.03523907111569164,0.08557520736066529,0.19704242315872234,0.1759912840574811,0.21849823222382614,105.52749868738812,74.15219077868645,137.92388396541295,52.121309454386854,32.711848084100616,75.54006258139046
8.100000000000001,0.014115152389869767,-0.04761679757316359,0.07874908580717505,0.19782048163016464,0.17686656136102644,0.22020086682393153,99.93238564627536,69.05943119882585,135.65103111005465,49.55271383896804,30.616720076383388,74.87417629923102
8.300000000000002,-0.010518329043798624,-0.06211583074609861,0.07059278864079943,0.19880047146612778,0.17734634759611953,0.2216641678436225,93.96675144795559,65.36152536235292,137.14192325717985,46.82540660066605,29.05590198326544,76.20012164338031
8.500000000000002,-0.0038302673753356775,-0.07279145638324151,0.068917710246061,0.19948429682123148,0.17712616963426156,0.2221481649197263,89.45841064344734,59.851441181149625,134.44930645762753,44.73215554890825,26.57340934843983,74.8671378582329
8.700000000000001,-0.0220196709965734,-0.09411942948881094,0.05751136743283805,0.2002119010834211,0.17737916777256807,0.22333172828851378,87.9472037356437,55.81168410910972,134.2924192445533,44.13690330632838,24.81519399071393,75.17818882408947
8.9,-0.03554248145803929,-0.11958902768721469,0.04565730608521602,0.2006750962160996,0.17881164123120707,0.2260100318457864,86.50424774312148,49.63639949270468,129.23990593288508,43.513182462096026,22.24774483458461,73.21739682804724
9.100000000000001,-0.05053436453101007,-0.14452912357483808,0.03606104098216274,0.2012920870076631,0.17922979246600534,0.22729899102218357,83.24763598068839,46.1944306449861,129.3257248506507,42.003796559605796,20.753423801696407,73.68385908404174
9.300000000000002,-0.06795612853498234,-0.1665872425298237,0.030943076992392602,0.20211754074027652,0.17985268227278042,0.22904353319895418,79.79656640645271,42.51258105903181,126.82625646341612,40.42761711133104,19.165684133835448,72.81437769280171
9.500000000000002,-0.08956399145733962,-0.18966221193017152,0.0239573382519007,0.2029984172167495,0.17985699788031115,0.23007339604586713,76.86484529432089,39.04291194874608,123.99322580335621,39.11202873422342,17.601897007609274,71.5079447547013
9.700000000000001,-0.11301960162860525,-0.22093088317473053,0.010009173755992312,0.20398968330003386,0.17916676184283245,0.23026019230715977,76.40902524431309,36.35953094765038,124.58890245847749,39.06994476786909,16.329227916027563,71.90981264397459
9.9,-0.13020572523471396,-0.25019923433961166,-0.0009950033872424546,0.20504793947357505,0.1797834713449386,0.23197079644831312,72.63219210882205,31.111278045249275,115.75611979371426,37.331418761573154,14.02030779822154,67.30808094668375
10.100000000000001,-0.14873571586487838,-0.2800858218971394,-0.013173612362029012,0.20608076339692405,0.18043892121148578,0.233848198149773,69.65525945781542,27.647290343716246,114.33012732751438,35.98166890015567,12.504684234072903,67.01694852415883
10.300000000000002,-0.17046318852442022,-0.3118232158569172,-0.026341936280593115,0.20725806990442294,0.18087836669388563,0.23553784601249853,63.287940291651886,23.354023291531565,110.18718013519477,32.87928353915086,10.588593378602498,65.05515294372829
10.500000000000002,-0.19413845340243407,-0.3441340385808108,-0.03930065839628547,0.20824075037006598,0.18119661299347029,0.23715121269889786,59.492576233044524,18.942295281562686,104.09625611304205,31.054063018217644,8.60344946112918,61.8800126920173
10.700000000000001,-0.21944642383360147,-0.38377943344641463,-0.05976342691311354,0.2092936422471328,0.18200032069723493,0.23943708834104002,59.69745154764511,16.49425374447403,110.35245293505642,31.31855830047917,7.524796489695556,66.23131044288951
10.9,-0.24684642659186112,-0.42520697862019885,-0.08241239089091613,0.21077050203581973,0.1816756551640898,0.24027257229578222,56.14107865748229,12.106305980417485,105.19060861422287,29.660639934085793,5.513131043408419,63.35357106713783
11.100000000000001,-0.2779834214083606,-0.4638381818061712,-0.10181050378612139,0.2121562269380305,0.18197145757914096,0.24191783601747963,53.29109188953762,9.184863911367602,107.42870753337962,28.340031979853233,4.189536070069573,65.14456283369802
11.300000000000002,-0.30923651470533847,-0.5001790038917443,-0.11731554354386894,0.2136767911764627,0.18199990106374048,0.24322666988064584,49.55497213892129,5.986580308342202,98.58663782229355,26.542053709696713,2.731114442751114,60.10618776259363
11.500000000000002,-0.33899194741948296,-0.5389527767618032,-0.13748844422944098,0.21500314243285493,0.18423095701955197,0.24749685389213255,47.5415878005946,3.9722507066305908,94.61031125065266,25.62172844424992,1.834379520936626,58.69459200145454
11.700000000000001,-0.36835250721880425,-0.5813280443956572,-0.15878908882304418,0.2162794437922034,0.1842501055502517,0.2487589999281243,45.729704761523756,2.4550242859106217,86.06036908200535,24.79154403151227,1.1338444332155047,53.662628400135944
11.9,-0.39752276886987203,-0.6218724113098357,-0.17986715956088223,0.21755507214042125,0.18504513699037295,0.2511561293739351,41.78756331910468,1.452003556865379,83.33260438152593,22.787999164471586,0.6734964186305331,52.46246235433689
12.100000000000001,-0.42757934379056617,-0.6648101723715306,-0.19964788272899575,0.21853369917703086,0.18504512056288605,0.2526183791665114,40.41085875744282,0.7794159985716468,86.13677829559589,22.136371312406972,0.3615237955706403,54.54356278748646
12.300000000000002,-0.4579105362045218,-0.7067102119052593,-0.21606200723148744,0.21975072948597205,0.18436995611476403,0.2531315206550888,39.91617122439623,0.24971630534491368,71.75250458051383,21.987159987208358,0.11540562762927799,45.52743965117081
12.500000000000002,-0.4849543702993828,-0.7722575442641196,-0.2540874504740157,0.22106877791369606,0.18479711535048088,0.25527405946790105,41.601544647653526,0.06091240658915877,64.06454784579525,23.052965520036164,0.028215703322810155,40.99344190872829
12.700000000000001,-0.5170378084990863,-0.8082592904406696,-0.26148343210744485,0.2222895726637817,0.18585895025212587,0.25845067908848307,41.16645697600791,0.01772737722847616,63.567782844536794,22.937839830039458,0.008258818090408116,41.18173844042818
12.9,-0.5492866505401283,-0.885383309717149,-0.3040366962946967,0.2235606044884962,0.1856184306315061,0.2597545151509753,41.274318780625755,0.0045312044539179515,64.01493686276758,23.129440296883725,0.0021082625254972105,41.6806382880163
13.100000000000001,-0.5790708028779632,-0.9128037327882084,-0.293328213301583,0.22484112865802908,0.18542537469562476,0.2612899290819904,41.85952059718542,0.0009683137994426066,64.65546787356732,23.591738250166642,0.0004500649790839882,42.34653343448086
13.300000000000002,-0.6133596611546837,-0.9687016331972305,-0.30612338696527797,0.22622903552397702,0.18518065590002458,0.2627440868336234,40.36641995675877,0.00020925913218054334,68.59593053930867,22.890670412733115,9.713370894473834e-05,45.1774003796179
13.500000000000002,-0.6464433890819529,-1.0363213719194144,-0.3214778274061182,0.2279943409688608,0.18507337544450006,0.2642127270109119,40.687032266823465,2.8957459529496524e-05,70.4957063876423,23.25251938280111,1.343365956104907e-05,46.688114402157126
13.700000000000001,-0.6809124663180646,-1.0871032478504756,-0.31696550056020634,0.22942183797640717,0.18501744071108037,0.266043691066378,38.85116232284175,3.558384110819952e-06,74.8435253265154,22.34234250292335,1.6502716147017753e-06,49.911099195227315
13.9,-0.7184917035622552,-1.1675133706442151,-0.33610853445516164,0.23087341138569187,0.18910669062274282,0.2737964864860618,36.97359905501823,3.074870560261669e-07,79.05077027233935,21.397132779331745,1.4575506891856004e-07,54.253019090391724
14.100000000000001,-0.7558839041286892,-1.2181508058072572,-0.32141057119174543,0.23202730140959674,0.18466258366942534,0.2691658900345525,37.7938863898297,1.5409098786990783e-08,77.89528155235601,21.981158427201837,7.132570634428316e-09,52.55585536693259
14.300000000000002,-0.7929740474957548,-1.307198016419463,-0.3383004630957551,0.2338128239926187,0.18913195669204347,0.2774868037089955,33.69880725511732,1.20566680934238e-09,93.50369593963637,19.750258813313867,5.715867532018006e-10,65.03708179328464
14.500000000000002,-0.8338814677377366,-1.3895732653288602,-0.3459189375892422,0.235314816004465,0.18930063288457447,0.2795651795274338,34.694909324222735,3.747868480958522e-11,88.1936701251045,20.46468024323187,1.778387276223754e-11,61.80312399302055
14.700000000000001,-0.8772405014086981,-1.477723988382674,-0.3569229616950289,0.23693599062876922,0.1892800792879495,0.28155186559543915,29.963421003214744,1.7630874735477058e-12,111.57624952902846,17.795588953068158,8.365053121190857e-13,78.74447696902317
14.9,-0.9232954431492961,-1.533285827871331,-0.3296391046491555,0.23836305368347693,0.18929219276760179,0.2835626180296002,30.330402144071513,4.406592322077733e-14,108.53897603932663,18.12203827389261,2.0908626742686476e-14,77.14799287003066
15.100000000000001,-0.967035782532701,-1.5963796314669305,-0.31217361546843103,0.24008757385621793,0.18915949943240662,0.28534869557956954,29.703710816305595,1.0002884791921936e-15,104.01942379090401,17.87599914763985,4.742893328368289e-16,74.40125640181785
15.300000000000002,-1.0028867263254038,-1.6984226123313677,-0.3297562798151617,0.2416985744219004,0.18956876735335615,0.28803321282173067,29.499583009888557,2.0793555380748768e-17,101.86191182359481,17.87227754440081,9.880649046413116e-18,73.54350533413273
15.500000000000002,-1.0392036272548792,-1.782566610086323,-0.3240056254915356,0.24337053227474328,0.18890476843889248,0.2890737565325321,25.224143391849456,4.087426271109136e-19,101.98637601859231,15.387722748442998,1.935453701417565e-19,73.89937411790045
15.700000000000001,-1.072613753163051,-1.860866461687099,-0.3115033187142342,0.24452937259297863,0.18892316229487058,0.2913236200435968,25.25966204549607,7.180992612732633e-21,106.67344515395165,15.48276433794017,3.400631869473521e-21,77.8972190500861
15.9,-1.113139495709689,-1.9538314611125147,-0.3124032642731619,0.24594098088203367,0.1886353481682663,0.2930554259024806,21.490682052145182,1.2966714045998843e-22,113.00178775653306,13.248631903367244,6.13116417794597e-23,83.00896812794574
16.1,-1.1464495340522212,-2.0454869406884995,-0.3087418129753939,0.24750728342493242,0.1889186614535685,0.2956371132638527,22.707052401995043,1.564825405481521e-24,107.22379349091538,14.08765410612817,7.410212843688474e-25,79.45844383542523
16.3,-1.191613319540197,-2.1372553325021357,-0.3010561486202412,0.24930983997315873,0.18922892985810807,0.2983243669005396,19.486097554464223,2.3339933907348377e-26,121.4990751802572,12.17739031851032,1.107075116681627e-26,90.85558604036375
16.5,-1.2315483990117517,-2.221878267137976,-0.2855220912416634,0.2502748591225564,0.18942728021507557,0.3008698047325919,21.07269222418757,2.8273497452149057e-28,128.39561741979216,13.219869983283411,1.3424928837172283e-28,96.83196351798541
16.700000000000003,-1.2786439981061726,-2.3210039861546914,-0.28383355066395694,0.25183648249967266,0.18884861288610325,0.3023975766266287,17.451957386187324,3.4441330456451586e-30,152.5250091470587,11.01673043140256,1.6303605313801242e-30,115.6137000435597
16.900000000000002,-1.3282307897323697,-2.412742037074095,-0.2740852412865854,0.2533910079599788,0.18826807279694738,0.3036232960216099,18.707167841254243,3.275838004872641e-32,171.8290175873267,11.881989822192057,1.5459271635781084e-32,130.77403733573271
